accuracy,precision,recall,f1,roc_auc,pr_auc,model
0.955,0.9047619047619048,0.95,0.926829268292683,0.9940476190476191,0.9869594201051312,logistic_regression_clinicalbert
0.915,0.9387755102040817,0.7666666666666667,0.8440366972477065,0.9805952380952381,0.9593189409721244,random_forest_clinicalbert
0.87,0.8269230769230769,0.7166666666666667,0.7678571428571429,0.9364285714285714,0.878728431029555,extra_trees_clinicalbert
