accuracy,precision,recall,f1,roc_auc,pr_auc
0.56,0.4027777777777778,0.9666666666666667,0.5686274509803921,0.8461904761904762,0.7353785561528513
